id;answer;last_modified;last_modified_by
1;Pants;2022-02-12T13:03:26;Branding AGP
2;forecast Georgia Bedfordshire;2022-02-12T21:49:28;Berkshire
3;knowledge architecture Soap;2022-02-13T05:03:15;Metal synergize
4;Bedfordshire radical Steel;2022-02-12T13:54:10;Card olive
5;Configurable markets;2022-02-13T09:31:27;alarm invoice
6;Circles Kwacha;2022-02-12T12:43:18;Direct
7;bus;2022-02-12T23:19:19;Handmade Licensed invoice
8;Oklahoma;2022-02-12T23:29:56;Credit Functionality Computer
9;Organic Car cultivate;2022-02-12T12:17:00;parsing Direct
10;markets state;2022-02-12T15:27:26;Vermont Berkshire Market
